{
   "CartVelY":-1965.6860242374248,
   "CartVelZ":1931.8787663687644,
   "CartVelX":5011.862226178658,
   "ArgP":5.266216858627531,
   "NoradId":"43979",
   "EquLm":4.0039126777430445,
   "dataSourceId":"44cfac3d-932f-442b-80bf-40c069988453",
   "MeanAnom":0.34147886877310274,
   "AreaToMass":1.52,
   "CartPosX":-560931.790608499,
   "EquHx":-0.006066189861146863,
   "CartPosY":-16998606.492546685,
   "CartPosZ":-3.1684896341706875e-09,
   "EquHy":-0.18383121813590245,
   "EpochFmt":"2022-10-11T01:01:00.000Z",
   "Ecc":0.490096,
   "SMA":28154400.0,
   "Epoch":1665450060000.0,
   "DataSourceName":"vimpel",
   "RAAN":4.679402257521997,
   "OrbitType":"MEO",
   "EquEy":-0.24387663759995198,
   "EquEx":-0.4251097209532401,
   "Inc":0.36379642928569805,
   "Namespace":"development",
   "Inserted":1667609410265,
   "ObjectType":"N/A",
   "Status":"Inactive"
}